speaker,contributions,words,weight_topic_0,weight_topic_1,weight_topic_2,weight_topic_3,weight_topic_4,mean_topic_0,mean_topic_1,mean_topic_2,mean_topic_3,mean_topic_4,total_topic_weight
Baroness Penn,31,5863,3.6725290299014,20.710419490899184,2.9206860875988303,3.475111670562456,0.2212537210381316,0.11846867838391613,0.6680780480935221,0.09421568024512356,0.11210037646975664,0.007137216807681665,31.000000000000004
Lord Holmes of Richmond,14,5380,0.800856838793449,0.39477576812793574,0.1993056230866621,2.1853684909587865,10.419693279033167,0.05720405991381779,0.02819826915199541,0.01423611593476158,0.15609774935419904,0.7442638056452262,14.0
Lord Sandhurst,12,4232,1.0293316243372899,0.1007592030927029,0.20118161120279549,3.347057174289041,7.321670387078171,0.08577763536144083,0.008396600257725243,0.016765134266899625,0.2789214311907534,0.6101391989231809,12.0
Lord Ponsonby of Shulbrede,11,5422,1.3746887039942384,0.2868227767533465,0.11416881155011359,1.6237127487865635,7.600606958915738,0.12497170036311257,0.026074797886667864,0.010378982868192145,0.1476102498896876,0.6909642689923398,11.0
Viscount Stansgate,11,3646,0.6221254716773444,0.16834511761746143,1.5106830462117928,2.765292845878519,5.9335535186148824,0.056556861061576764,0.015304101601587404,0.13733482238289027,0.251390258716229,0.5394139562377166,11.0
Lord Anderson of Ipswich,10,3101,0.028253591161075287,0.02827053986270317,0.7613439583790685,0.5629081038768406,8.619223806720312,0.0028253591161075285,0.002827053986270317,0.07613439583790685,0.05629081038768406,0.8619223806720312,10.0
Lord Clement-Jones,10,3744,1.0215308524154816,0.038762879795876906,0.038627375077813914,2.6696219942714663,6.231456898439362,0.10215308524154816,0.0038762879795876904,0.0038627375077813914,0.2669621994271466,0.6231456898439361,10.0
Andrew Griffith,10,3069,2.394799861567327,6.772948957656662,0.24211195520426645,0.47812407677546254,0.11201514879628055,0.23947998615673272,0.6772948957656661,0.024211195520426644,0.047812407677546256,0.011201514879628055,9.999999999999998
Lord Harlech,9,597,0.4710870986250001,6.715560813981182,0.9153977084934699,0.8406499339500416,0.05730444495030587,0.052343010958333346,0.7461734237756869,0.10171085649927443,0.0934055482166713,0.0063671605500339856,9.0
Martin Docherty-Hughes,9,3697,0.48379400528199196,2.627981407760754,0.4280518142312604,4.797573800588857,0.6625989721371367,0.05375488947577688,0.29199793419563935,0.047561312692362266,0.5330637556209842,0.07362210801523741,9.0
Lord Livermore,8,1009,2.361999813776897,4.55700873400227,0.029991184725301098,0.9929970698047372,0.058003197690794636,0.2952499767221121,0.5696260917502838,0.003748898090662637,0.12412463372559215,0.0072503997113493295,8.0
Dr Cameron,7,1783,0.6650969212065166,4.95523628353175,0.20689267454778332,1.0063832366100394,0.16639088410391,0.09501384588664523,0.7078908976473929,0.029556096363969046,0.1437690338014342,0.023770126300558574,7.0
Lord Davidson of Glen Clova,7,356,0.2174197150769804,2.4346427291671078,2.3692907802736496,1.8985218392795766,0.08012493620268536,0.031059959296711487,0.3478061041667297,0.3384701114676642,0.2712174056113681,0.01144641945752648,6.999999999999999
Baroness Kramer,6,3143,1.958049262492606,0.39008999817870843,0.0583354470448199,3.5637057167392627,0.02981957554460329,0.32634154374876767,0.0650149996964514,0.009722574507469984,0.5939509527898771,0.004969929257433882,6.0
Lord Tunnicliffe,6,3428,1.3007385690222832,2.7497185026686575,1.1030333625912554,0.753192787107704,0.09331677861009989,0.21678976150371387,0.4582864171114429,0.18383889376520923,0.12553213118461734,0.015552796435016648,6.0
Richard Fuller,6,3509,2.0410628328072575,2.659971833009519,0.1186544184626025,0.9645577089172765,0.21575320680334448,0.3401771388012096,0.4433286388349198,0.019775736410433748,0.16075961815287942,0.03595886780055741,5.999999999999999
Lord Shamash,5,428,0.050004843212653596,0.30780204631728114,0.27774307125878434,2.016972839067991,2.34747720014329,0.010000968642530719,0.061560409263456226,0.05554861425175687,0.4033945678135982,0.469495440028658,5.0
Jim Shannon (Strangford),4,2205,0.59768772188207,2.868463490292865,0.0548977849694405,0.4707570037510633,0.008193999104560711,0.1494219304705175,0.7171158725732163,0.013724446242360125,0.11768925093776582,0.002048499776140178,4.0
Lord Bassam of Brighton,4,316,0.35986052087244136,0.03763916499494417,0.037313076145123386,1.5886815633438756,1.9765056746436158,0.08996513021811034,0.009409791248736043,0.009328269036280847,0.3971703908359689,0.49412641866090395,4.0
Sarah Sackman,4,2585,1.8174491592062676,0.006421211354039642,0.006375281020179999,0.006358177285043157,2.16339617113447,0.4543622898015669,0.0016053028385099105,0.0015938202550449998,0.0015895443212607893,0.5408490427836175,4.0
"Dr Lisa Cameron (East Kilbride, Strathaven and Lesmahagow)",3,2641,0.44363782059424245,2.1647563419948415,0.007027919134975914,0.33197932090243243,0.05259859737350823,0.14787927353141414,0.7215854473316138,0.002342639711658638,0.11065977363414414,0.01753286579116941,3.0000000000000004
Lord Sikka,3,732,1.1661582233846943,0.5226345447991503,1.2770833324376492,0.017199656809119113,0.016924242569387397,0.3887194077948981,0.1742115149330501,0.42569444414588303,0.005733218936373037,0.005641414189795799,3.0000000000000004
Martin Docherty-Hughes (West Dunbartonshire),3,2602,0.005835818327273647,2.458852620880678,0.005739950575829285,0.5238057636101691,0.005765846606050211,0.0019452727757578823,0.8196175402935593,0.0019133168586097616,0.1746019212033897,0.0019219488686834036,3.0000000000000004
Peter Grant,3,1055,0.012022667283515736,0.5333049887583745,0.01199981229230175,2.2830158091752906,0.1596567224905177,0.004007555761171912,0.17776832958612485,0.00399993743076725,0.7610052697250969,0.05321890749683924,3.0000000000000004
"The Parliamentary Secretary, HM Treasury (Baroness Penn)",3,4777,1.0337731414865658,1.1878631073442496,0.0007951868887161182,0.7767734240388725,0.000795140241596097,0.34459104716218864,0.39595436911474985,0.0002650622962387061,0.25892447467962415,0.00026504674719869903,3.0000000000000004
Abena Oppong-Asare,3,798,0.17660652207866978,1.999861688460685,0.5444499272332182,0.26373352559528745,0.015348336632139605,0.058868840692889925,0.6666205628202283,0.18148330907773938,0.08791117519842916,0.005116112210713202,3.0
Alexander Stafford,3,856,0.01682352461357657,1.5559252044398084,0.19388985195165098,0.645551195630607,0.5878102233643568,0.005607841537858857,0.5186417348132695,0.06462995065055033,0.215183731876869,0.1959367411214523,3.0
Chris Philp,3,1414,0.0025784761321113892,0.0025745242527145397,2.989685508723303,0.0025766188005207323,0.0025848720913505758,0.0008594920440371297,0.0008581747509048466,0.9965618362411011,0.0008588729335069108,0.0008616240304501919,3.0
Emma Reynolds,3,320,1.6657410417774816,1.2556292334411723,0.026207388807254407,0.026165763669035714,0.026256572305056416,0.5552470139258272,0.4185430778137241,0.008735796269084802,0.008721921223011905,0.008752190768352139,3.0
Kit Malthouse,3,1530,0.26864208076787577,0.10984603410669742,0.181189769830218,2.434195316494123,0.006126798801085855,0.0895473602559586,0.036615344702232475,0.060396589943406,0.8113984388313743,0.0020422662670286184,3.0
Lord Bridges of Headley,3,2504,0.9747517145761901,1.0385902940541845,0.006082793270641433,0.9745532463018747,0.0060219517971095956,0.32491723819206336,0.34619676468472815,0.002027597756880478,0.3248510821006249,0.0020073172657031984,3.0
Lord Vaizey of Didcot,3,1604,0.3094521495011199,2.01927411284865,0.07481140405876052,0.36571529605595204,0.23074703753551754,0.10315071650037329,0.6730913709495501,0.02493713468625351,0.12190509868531735,0.07691567917850585,3.0
Lord Young of Cookham,3,226,1.0519023534558016,0.03192329054022713,0.5527821409952467,1.3320412833092086,0.03135093169951589,0.35063411781860054,0.010641096846742375,0.18426071366508223,0.4440137611030695,0.010450310566505297,3.0
The Chair,3,116,0.322741316950208,0.07815517272962441,2.445475207788509,0.07658743540397316,0.07704086712768501,0.10758043898340268,0.026051724243208136,0.8151584025961697,0.02552914513465772,0.02568028904256167,3.0
"The Parliamentary Under-Secretary of State, Ministry of Justice (Lord Ponsonby of Shulbrede)",3,2188,0.002150009298071509,0.0021579589094455703,0.0505381009951175,0.00216290165144573,2.9429910291459196,0.0007166697660238363,0.0007193196364818568,0.016846033665039166,0.0007209672171485767,0.9809970097153066,3.0
Tulip Siddiq,3,1949,1.8858516613060265,0.42488501125488526,0.6314456263640965,0.0028035319042370044,0.05501416917075482,0.6286172204353422,0.14162833708496175,0.21048187545469885,0.0009345106347456682,0.018338056390251607,3.0
Baroness Altmann,3,260,0.4756773111356376,1.7920216718139017,0.13753760849739935,0.5101343775817636,0.08462903097129776,0.1585591037118792,0.5973405572713005,0.045845869499133114,0.17004479252725455,0.028209676990432586,2.9999999999999996
Lord Cromwell,3,999,0.7684423881747413,1.208137082251352,0.18130272898196392,0.6820317668866274,0.16008603370531513,0.2561474627249138,0.40271236075045064,0.060434242993987974,0.22734392229554246,0.05336201123510504,2.9999999999999996
Abena Oppong-Asare (Erith and Thamesmead),2,2147,0.43961378153971276,1.5577700294503813,0.0008733028678720657,0.0008777958540335182,0.0008650902880004842,0.21980689076985638,0.7788850147251907,0.00043665143393603286,0.0004388979270167591,0.0004325451440002421,2.0
Baroness Bennett of Manor Castle (GP),2,1403,0.29119610995099277,0.29074547739302437,0.4102757850431115,0.906513278588666,0.10126934902420544,0.14559805497549638,0.14537273869651218,0.20513789252155576,0.453256639294333,0.05063467451210272,2.0
Dame Angela Eagle,2,2202,1.009270970622121,0.0027721385880290937,0.038865462386592456,0.6929102114409389,0.2561812169623186,0.5046354853110605,0.0013860692940145468,0.019432731193296228,0.34645510572046945,0.1280906084811593,2.0
Lord Browne of Ladyton,2,251,0.009508530422538861,1.8315569757266053,0.13994332200607895,0.009528924906750606,0.0094622469380264,0.0047542652112694305,0.9157784878633026,0.06997166100303948,0.004764462453375303,0.0047311234690132,2.0
Lord Haskel,2,141,0.023685016299217307,0.8766065666515844,1.0522273703715357,0.024039170070497835,0.023441876607164663,0.011842508149608653,0.4383032833257922,0.5261136851857678,0.012019585035248918,0.011720938303582331,2.0
Lord Holmes of Richmond (Con) [V],2,429,0.30445051047056954,0.26505618753871585,0.04302076239972644,0.8140207527651455,0.5734517868258429,0.15222525523528477,0.13252809376935792,0.02151038119986322,0.40701037638257276,0.28672589341292143,2.0
Lord Meston,2,1361,0.007522144380825818,0.12149245163612539,0.13576403531863668,0.783285478771605,0.9519358898928072,0.003761072190412909,0.060746225818062695,0.06788201765931834,0.3916427393858025,0.4759679449464036,2.0
Lord Thomas of Cwmgiedd,2,731,0.010059671444677678,0.010100252378181481,0.01008307399363396,1.0210038779178436,0.9487531242656634,0.005029835722338839,0.005050126189090741,0.00504153699681698,0.5105019389589218,0.4743765621328317,2.0
Mr Will Forster (Woking),2,1023,0.0014909250886957462,0.06469042822598874,0.0014846604430933281,0.0014913950965075333,1.9308425911457148,0.0007454625443478731,0.03234521411299437,0.0007423302215466641,0.0007456975482537666,0.9654212955728574,2.0
Peter Grant (Glenrothes),2,3195,0.4608992380822454,0.8671625042371189,0.0703731545938362,0.6006920008134764,0.0008731022733230508,0.2304496190411227,0.43358125211855947,0.0351865772969181,0.3003460004067382,0.0004365511366615254,2.0
The Lord Bishop of St Albans,2,718,0.45235835421704956,1.5098905941002903,0.006105557349774313,0.0062282633253516835,0.025417231007534236,0.22617917710852478,0.7549452970501451,0.0030527786748871565,0.0031141316626758417,0.012708615503767118,2.0
Tulip Siddiq (Hampstead and Kilburn),2,522,0.3314102194165492,1.4183547525405409,0.11041393807059018,0.006678074291797906,0.13314301568052195,0.1657051097082746,0.7091773762702704,0.05520696903529509,0.003339037145898953,0.06657150784026097,2.0
Alun Cairns (Vale of Glamorgan),2,825,0.7235184442786581,1.2647227661809322,0.0038856796516282426,0.003941801874992766,0.003931308013788678,0.36175922213932904,0.6323613830904661,0.0019428398258141213,0.001970900937496383,0.001965654006894339,1.9999999999999998
Dr Kieran Mullan (Bexhill and Battle),2,1445,0.0747214219027442,0.5007302450076913,0.0012413137641083276,0.11799016448586763,1.3053168548395884,0.0373607109513721,0.2503651225038456,0.0006206568820541638,0.058995082242933816,0.6526584274197942,1.9999999999999998
The Economic Secretary to the Treasury (Andrew Griffith),2,1518,0.3957004609709733,1.5024901171948524,0.0017626468939351092,0.09827625602183737,0.0017705189184016082,0.19785023048548664,0.7512450585974262,0.0008813234469675546,0.049138128010918686,0.0008852594592008041,1.9999999999999998
Alex Norris (Nottingham North),1,579,0.0007693201695754223,0.0007724012133382267,0.9969103652361334,0.0007721261982284218,0.0007757871827247327,0.0007693201695754223,0.0007724012133382267,0.9969103652361334,0.0007721261982284218,0.0007757871827247327,1.0000000000000002
Baroness Bowles of Berkhamsted,1,640,0.5326182794362603,0.4648436807910924,0.0008448242202964833,0.0008482479449256776,0.0008449676074253038,0.5326182794362603,0.4648436807910924,0.0008448242202964833,0.0008482479449256776,0.0008449676074253038,1.0000000000000002
Gareth Davies,1,129,0.004460987130910296,0.76328980646458,0.22331718755534613,0.0045199504963985915,0.004412068352765129,0.004460987130910296,0.76328980646458,0.22331718755534613,0.0045199504963985915,0.004412068352765129,1.0000000000000002
Kit Malthouse (North West Hampshire),1,209,0.39604743505440776,0.003225718462770067,0.2592285623335239,0.33827093680793585,0.0032273473413624654,0.39604743505440776,0.003225718462770067,0.2592285623335239,0.33827093680793585,0.0032273473413624654,1.0000000000000002
Lord Balfe,1,580,0.6356340157021799,0.0009833367616235878,0.0009728478909851653,0.3614270247087807,0.0009827749364308,0.6356340157021799,0.0009833367616235878,0.0009728478909851653,0.3614270247087807,0.0009827749364308,1.0000000000000002
Lord Forsyth of Drumlean,1,48,0.6193336627682826,0.3444911456537254,0.01206290125392709,0.012098875547773528,0.012013414776291514,0.6193336627682826,0.3444911456537254,0.01206290125392709,0.012098875547773528,0.012013414776291514,1.0000000000000002
Lord Fox,1,57,0.007786997724029378,0.007770449957518171,0.007766443776055693,0.9689595199459725,0.007716588596424335,0.007786997724029378,0.007770449957518171,0.007766443776055693,0.9689595199459725,0.007716588596424335,1.0000000000000002
Lord Northbrook,1,902,0.9751932327051182,0.0004343504642994733,0.0235145551447962,0.0004298267213760923,0.0004280349644101562,0.9751932327051182,0.0004343504642994733,0.0235145551447962,0.0004298267213760923,0.0004280349644101562,1.0000000000000002
Lord Sharkey,1,454,0.0011654286755442172,0.9157853513766502,0.0011722690683866354,0.0011539080315838331,0.08072304284783521,0.0011654286755442172,0.9157853513766502,0.0011722690683866354,0.0011539080315838331,0.08072304284783521,1.0000000000000002
Lord Vaux of Harrowden,1,860,0.7046164176923095,0.2232092930805218,0.0005692235742666405,0.0710192089519442,0.0005858567009580572,0.7046164176923095,0.2232092930805218,0.0005692235742666405,0.0710192089519442,0.0005858567009580572,1.0000000000000002
Sarah Olney (Richmond Park),1,1057,0.6000860142761089,0.2746841881047265,0.0005661001627244856,0.0005730908798099585,0.1240906065766303,0.6000860142761089,0.2746841881047265,0.0005661001627244856,0.0005730908798099585,0.1240906065766303,1.0000000000000002
The First Deputy Chairman,1,9,0.10000362345927725,0.10000268742868751,0.5993168926959065,0.1006730353460006,0.10000376107012826,0.10000362345927725,0.10000268742868751,0.5993168926959065,0.1006730353460006,0.10000376107012826,1.0000000000000002
"The Minister for Crime, Policing and Fire (Chris Philp)",1,25,0.010008970210387654,0.010030112054034392,0.9599106743144175,0.01000798607626602,0.010042257344894655,0.010008970210387654,0.010030112054034392,0.9599106743144175,0.01000798607626602,0.010042257344894655,1.0000000000000002
Aaron Bell,1,676,0.0009364917691914994,0.9962543056956993,0.0009348659032409909,0.0009425022461373769,0.0009318343857308487,0.0009364917691914994,0.9962543056956993,0.0009348659032409909,0.0009425022461373769,0.0009318343857308487,1.0
Alex Norris,1,247,0.002513080742078025,0.002506778791128814,0.9899482288974412,0.002525509884208337,0.0025064016851437084,0.002513080742078025,0.002506778791128814,0.9899482288974412,0.002525509884208337,0.0025064016851437084,1.0
Anthony Browne,1,397,0.6953048800071194,0.001180276159855747,0.0011597045086203192,0.30118883012355246,0.0011663092008519815,0.6953048800071194,0.001180276159855747,0.0011597045086203192,0.30118883012355246,0.0011663092008519815,1.0
Baroness Bennett of Manor Castle (GP) [V],1,816,0.34124988008943197,0.0007074574219446371,0.0007017541663970463,0.656634129443161,0.0007067788790654309,0.34124988008943197,0.0007074574219446371,0.0007017541663970463,0.656634129443161,0.0007067788790654309,1.0
Baroness Greengross,1,76,0.004536872669797493,0.8152192224334565,0.17110845939920763,0.0045973695590204285,0.004538075938517919,0.004536872669797493,0.8152192224334565,0.17110845939920763,0.0045973695590204285,0.004538075938517919,1.0
Baroness Neville-Rolfe,1,87,0.38817737776417166,0.5932579383848634,0.006161989187359843,0.006232159436037989,0.00617053522756722,0.38817737776417166,0.5932579383848634,0.006161989187359843,0.006232159436037989,0.00617053522756722,1.0
Baroness Wheatcroft,1,51,0.013508988384859128,0.49736688265001605,0.013577957812845848,0.46213322733395196,0.01341294381832705,0.013508988384859128,0.49736688265001605,0.013577957812845848,0.46213322733395196,0.01341294381832705,1.0
Chris Vince (Harlow),1,43,0.015899998110559935,0.9366302029207977,0.015634546572278772,0.015942921410650054,0.015892330985713504,0.015899998110559935,0.9366302029207977,0.015634546572278772,0.015942921410650054,0.015892330985713504,1.0
Christina Rees (in the Chair),1,31,0.19349902615098138,0.022475924638256626,0.02263158855305485,0.7391075091960895,0.022285951461617676,0.19349902615098138,0.022475924638256626,0.02263158855305485,0.7391075091960895,0.022285951461617676,1.0
Daisy Cooper (St Albans),1,222,0.0023520948829428524,0.002336605185827894,0.002348602962055514,0.9906383012495457,0.002324395719628064,0.0023520948829428524,0.002336605185827894,0.002348602962055514,0.9906383012495457,0.002324395719628064,1.0
Dan Jarvis,1,443,0.001174774835447032,0.0011702205856572098,0.9953082561202308,0.0011762609791937154,0.0011704874794713042,0.001174774835447032,0.0011702205856572098,0.9953082561202308,0.0011762609791937154,0.0011704874794713042,1.0
Darren Jones,1,203,0.002187243826732352,0.0021750344878620725,0.20215204702529094,0.7913221496021778,0.0021635250579368414,0.002187243826732352,0.0021750344878620725,0.20215204702529094,0.7913221496021778,0.0021635250579368414,1.0
Dr Mullan,1,50,0.013559555433126268,0.12243380832780544,0.013637668498146663,0.12528908794269028,0.7250798797982313,0.013559555433126268,0.12243380832780544,0.013637668498146663,0.12528908794269028,0.7250798797982313,1.0
Esther McVey (in the Chair),1,38,0.025620885237629634,0.025661784266673673,0.8978103519263665,0.02530234704880365,0.02560463152052659,0.025620885237629634,0.025661784266673673,0.8978103519263665,0.02530234704880365,0.02560463152052659,1.0
"Jeff Smith (Manchester, Withington)",1,1040,0.00048601701593753194,0.9980539024695569,0.0004855178762454551,0.0004905079974857075,0.0004840546407743692,0.00048601701593753194,0.9980539024695569,0.0004855178762454551,0.0004905079974857075,0.0004840546407743692,1.0
Lord Brennan of Canton,1,38,0.37850203397868576,0.011988215837188586,0.012147785885996338,0.5855002375220674,0.011861726776061942,0.37850203397868576,0.011988215837188586,0.012147785885996338,0.5855002375220674,0.011861726776061942,1.0
Lord Desai (Non-Afl),1,530,0.12771371535762055,0.0011636330763169403,0.0011533436531760157,0.8688133349614866,0.0011559729513998987,0.12771371535762055,0.0011636330763169403,0.0011533436531760157,0.8688133349614866,0.0011559729513998987,1.0
Lord Foulkes of Cumnock (Lab Co-op),1,78,0.47260179563817034,0.009674575858925656,0.009674460971628837,0.49834301322949137,0.009706154301783869,0.47260179563817034,0.009674575858925656,0.009674460971628837,0.49834301322949137,0.009706154301783869,1.0
Lord Freyberg,1,982,0.0005223076311959445,0.0005238200352700361,0.897652374853943,0.000524067066051084,0.10077743041353998,0.0005223076311959445,0.0005238200352700361,0.897652374853943,0.000524067066051084,0.10077743041353998,1.0
Lord Jones of Cheltenham (LD) [V],1,88,0.44837322535975505,0.5331668493762999,0.006144457814242703,0.006211303906245163,0.00610416354345727,0.44837322535975505,0.5331668493762999,0.006144457814242703,0.006211303906245163,0.00610416354345727,1.0
Lord King of Lothbury,1,1075,0.0005166377115416855,0.0005117019098930688,0.0005084225388755973,0.9979533177012001,0.0005099201384895037,0.0005166377115416855,0.0005117019098930688,0.0005084225388755973,0.9979533177012001,0.0005099201384895037,1.0
Lord Lee of Trafford,1,35,0.012663287103754552,0.8080020920475325,0.012632044150643179,0.15407354737172646,0.012629029326343367,0.012663287103754552,0.8080020920475325,0.012632044150643179,0.15407354737172646,0.012629029326343367,1.0
Lord McNicol of West Kilbride,1,47,0.009738869553541285,0.009742740662937708,0.009604751350113223,0.9612786288562222,0.009635009577185726,0.009738869553541285,0.009742740662937708,0.009604751350113223,0.9612786288562222,0.009635009577185726,1.0
Lord Mountevans,1,514,0.73525258473135,0.26177039602438856,0.0009879512989467698,0.000996784742161722,0.0009922832031528776,0.73525258473135,0.26177039602438856,0.0009879512989467698,0.000996784742161722,0.0009922832031528776,1.0
Lord Tunnicliffe (Lab) [V],1,541,0.7149712263169465,0.025898784702312425,0.0009613902386958326,0.2572202420377595,0.0009483567042856859,0.7149712263169465,0.025898784702312425,0.0009613902386958326,0.2572202420377595,0.0009483567042856859,1.0
Matt Vickers (Stockton West),1,439,0.001025460601612608,0.0010240530246960903,0.9959050966436434,0.0010196192443611013,0.0010257704856869105,0.001025460601612608,0.0010240530246960903,0.9959050966436434,0.0010196192443611013,0.0010257704856869105,1.0
Mr Will Forster,1,65,0.9672180551716589,0.008135727712283191,0.008265141826520652,0.008153564614945338,0.008227510674592011,0.9672180551716589,0.008135727712283191,0.008265141826520652,0.008153564614945338,0.008227510674592011,1.0
Rishi Sunak,1,513,0.9960094201556222,0.001005064184509118,0.000991113671938346,0.001006292971526542,0.000988109016403788,0.9960094201556222,0.001005064184509118,0.000991113671938346,0.001006292971526542,0.000988109016403788,1.0
Sarah Owen (Luton North),1,59,0.010259687667517097,0.9589753553426867,0.010289867270136551,0.010281488121981364,0.010193601597678298,0.010259687667517097,0.9589753553426867,0.010289867270136551,0.010281488121981364,0.010193601597678298,1.0
Sir John Whittingdale (Maldon),1,118,0.004828540738736956,0.004852548835342868,0.9805778655171817,0.004870075314408885,0.004870969594329529,0.004828540738736956,0.004852548835342868,0.9805778655171817,0.004870075314408885,0.004870969594329529,1.0
The Archbishop of Canterbury,1,727,0.8407993442705083,0.0007679337532029201,0.0007733270659725803,0.1568876684531635,0.0007717264571527536,0.8407993442705083,0.0007679337532029201,0.0007733270659725803,0.1568876684531635,0.0007717264571527536,1.0
The Earl of Devon,1,76,0.007005956894327944,0.9718664015645633,0.006971638792595608,0.007129401508771494,0.007026601239741658,0.007005956894327944,0.9718664015645633,0.006971638792595608,0.007129401508771494,0.007026601239741658,1.0
The Economic Secretary to the Treasury (Richard Fuller),1,590,0.0007560017828685192,0.3277687926518138,0.0007533227956960125,0.6699639013721145,0.0007579813975072249,0.0007560017828685192,0.3277687926518138,0.0007533227956960125,0.6699639013721145,0.0007579813975072249,1.0
The Financial Secretary to the Treasury (Lord Livermore),1,76,0.40313167401310845,0.5794130694690914,0.005778291740550281,0.005773840270368004,0.005903124506881742,0.40313167401310845,0.5794130694690914,0.005778291740550281,0.005773840270368004,0.005903124506881742,1.0
The Lord Speaker (Lord McFall of Alcluith),1,13,0.05082856105983938,0.05016954049334988,0.05000496076195311,0.7989240595874998,0.05007287809735786,0.05082856105983938,0.05016954049334988,0.05000496076195311,0.7989240595874998,0.05007287809735786,1.0
The Minister for Security (Dan Jarvis),1,670,0.0005621038459597961,0.0005636680461700275,0.9977485921995949,0.0005615796387027737,0.0005640562695725162,0.0005621038459597961,0.0005636680461700275,0.9977485921995949,0.0005615796387027737,0.0005640562695725162,1.0
"The Minister of State, Ministry of Justice (Sarah Sackman)",1,110,0.003629016021249072,0.0036255577303367114,0.0035597239775453466,0.0035771483026804693,0.9856085539681884,0.003629016021249072,0.0036255577303367114,0.0035597239775453466,0.0035771483026804693,0.9856085539681884,1.0
"The Parliamentary Under-Secretary of State for Digital, Culture, Media and Sport (Stuart Andrew)",1,1823,0.0002340536410786277,0.9990640195997833,0.00023338411523204456,0.00023492842023638911,0.00023361422366963776,0.0002340536410786277,0.9990640195997833,0.00023338411523204456,0.00023492842023638911,0.00023361422366963776,1.0
Aaron Bell (Newcastle-under-Lyme),1,3915,0.00013306423836481095,0.999466422146958,0.00013281146272675786,0.00013419938092634442,0.00013350277102399898,0.00013306423836481095,0.999466422146958,0.00013281146272675786,0.00013419938092634442,0.00013350277102399898,0.9999999999999999
Baroness McIntosh of Pickering,1,29,0.7052824808391128,0.018824926704808634,0.23870892287289605,0.01870792044399522,0.018475749139187262,0.7052824808391128,0.018824926704808634,0.23870892287289605,0.01870792044399522,0.018475749139187262,0.9999999999999999
Barry Gardiner,1,66,0.009651647916403565,0.2830759316050169,0.41795754146414404,0.2794862542621811,0.009828624752254336,0.009651647916403565,0.2830759316050169,0.41795754146414404,0.2794862542621811,0.009828624752254336,0.9999999999999999
Charlotte Nichols (Warrington North),1,33,0.014479655356280726,0.01466869381111291,0.6692013884180691,0.28721271049872626,0.014437551915811017,0.014479655356280726,0.01466869381111291,0.6692013884180691,0.28721271049872626,0.014437551915811017,0.9999999999999999
"David Simmonds (Ruislip, Northwood and Pinner)",1,789,0.9974159336546383,0.0006480256043260418,0.000639991108820313,0.0006518844139930142,0.000644165218222154,0.9974159336546383,0.0006480256043260418,0.000639991108820313,0.0006518844139930142,0.000644165218222154,0.9999999999999999
Jim Shannon,1,816,0.0006649977160433148,0.6983552455552944,0.29964466732200246,0.0006705575995187963,0.0006645318071409279,0.0006649977160433148,0.6983552455552944,0.29964466732200246,0.0006705575995187963,0.0006645318071409279,0.9999999999999999
Lord Flight,1,25,0.4726804510395966,0.48361869363897547,0.014489048169273898,0.014751509834007585,0.014460297318146383,0.4726804510395966,0.48361869363897547,0.014489048169273898,0.014751509834007585,0.014460297318146383,0.9999999999999999
Lord Naseby,1,441,0.001287648035210569,0.630567329942908,0.001273791882357397,0.3655855484685955,0.001285681670928489,0.001287648035210569,0.630567329942908,0.001273791882357397,0.3655855484685955,0.001285681670928489,0.9999999999999999
Lord Ranger of Northwood,1,141,0.22471987389270823,0.7011937657474703,0.0028882655331098194,0.002935328939373482,0.06826276588733812,0.22471987389270823,0.7011937657474703,0.0028882655331098194,0.002935328939373482,0.06826276588733812,0.9999999999999999
The Chief Secretary to the Treasury (Darren Jones),1,307,0.0010838612489795908,0.0010867437683865751,0.23207958895946604,0.7646745007212239,0.0010753053019438219,0.0010838612489795908,0.0010867437683865751,0.23207958895946604,0.7646745007212239,0.0010753053019438219,0.9999999999999999
The Financial Secretary to the Treasury (Andrew Griffith),1,78,0.005881533068867682,0.9766665486876404,0.005857785708132238,0.005772918826780554,0.00582121370857917,0.005881533068867682,0.9766665486876404,0.005857785708132238,0.005772918826780554,0.00582121370857917,0.9999999999999999
The First Deputy Chairman of Ways and Means (Judith Cummins),1,43,0.011925541498562339,0.011925299607703823,0.9523420387661231,0.011864687342267755,0.011942432785342896,0.011925541498562339,0.011925299607703823,0.9523420387661231,0.011864687342267755,0.011942432785342896,0.9999999999999999
The Minister for Courts and Legal Services (Sarah Sackman),1,736,0.0005556158581861446,0.0005558087125696018,0.0005545537010933299,0.0005537127712155936,0.9977803089569353,0.0005556158581861446,0.0005558087125696018,0.0005545537010933299,0.0005537127712155936,0.9977803089569353,0.9999999999999999
Alexander Stafford (Rother Valley),1,336,0.0015889386748770013,0.7373438408189911,0.0015622866530606249,0.2579437579312613,0.0015611759218099757,0.0015889386748770013,0.7373438408189911,0.0015622866530606249,0.2579437579312613,0.0015611759218099757,0.9999999999999998
Alun Cairns,1,100,0.14590333551363469,0.469552177825892,0.004297310692698934,0.3760257083041368,0.004221467663637439,0.14590333551363469,0.469552177825892,0.004297310692698934,0.3760257083041368,0.004221467663637439,0.9999999999999998
Dame Angela Eagle (Wallasey),1,111,0.005321432547840627,0.005336101868824361,0.28454413196547335,0.6994100666505317,0.005388266967329787,0.005321432547840627,0.005336101868824361,0.28454413196547335,0.6994100666505317,0.005388266967329787,0.9999999999999998
Lord Bethell,1,51,0.01205739529898207,0.9518110335288705,0.011999562454851257,0.012190150962870488,0.011941857754425434,0.01205739529898207,0.9518110335288705,0.011999562454851257,0.012190150962870488,0.011941857754425434,0.9999999999999998
Mark Garnier (Wyre Forest),1,377,0.001490005069746998,0.0014927472768110541,0.001506892685707454,0.9940245791462459,0.0014857758214885056,0.001490005069746998,0.0014927472768110541,0.001506892685707454,0.9940245791462459,0.0014857758214885056,0.9999999999999998
Mr Pat McFadden (Wolverhampton South East),1,1859,0.23134175028035206,0.2599136690824491,0.23069357847367242,0.2777104501275475,0.0003405520359787422,0.23134175028035206,0.2599136690824491,0.23069357847367242,0.2777104501275475,0.0003405520359787422,0.9999999999999998
Lord Hunt of Kings Heath,1,746,0.5961157539968204,0.4020317124515022,0.000618503324440811,0.0006209061283989714,0.0006131240988373414,0.5961157539968204,0.4020317124515022,0.000618503324440811,0.0006209061283989714,0.0006131240988373414,0.9999999999999996
